{
  "0.mp4_idx0.png": {
    "K": [
      291.049340836,
      0.0,
      174.172285022,
      0.0,
      0.0,
      290.42577756000003,
      140.46357064199998,
      0.0,
      0.0,
      0.0,
      1.0,
      0.0,
      0.0,
      0.0,
      0.0,
      1.0
    ],
    "W2C": [
      0.924460769,
      -0.09971617199999998,
      -0.368006766,
      -0.218848946122615,
      0.224008769,
      -0.6389947530000001,
      0.735870779,
      -0.23090188384163698,
      -0.30853259599999994,
      -0.7627204060000001,
      -0.568388283,
      0.8467811684940721,
      0.0,
      0.0,
      0.0,
      1.0
    ],
    "dist": [
      -0.371316165,
      0.282492071,
      -0.001693331,
      0.001201614,
      -0.665073335
    ],
    "img_size": [
      346,
      260
    ]
  },
  "1.mp4_idx1.png": {
    "K": [
      255.83529740400002,
      0.0,
      170.270693872,
      0.0,
      0.0,
      256.284017192,
      131.684425796,
      0.0,
      0.0,
      0.0,
      1.0,
      0.0,
      0.0,
      0.0,
      0.0,
      1.0
    ],
    "W2C": [
      -0.16679000899999996,
      0.506236553,
      0.8461120719999999,
      0.15597925961550013,
      -0.258653849,
      0.8056150669999999,
      -0.532993972,
      0.17928612541892291,
      -0.951461732,
      -0.307748228,
      -0.0034284890000000068,
      0.8095452689832655,
      0.0,
      0.0,
      0.0,
      1.0
    ],
    "dist": [
      -0.481293261,
      0.488822997,
      -0.001097835,
      0.000664279,
      -0.368138283
    ],
    "img_size": [
      346,
      260
    ]
  },
  "2.mp4_idx2.png": {
    "K": [
      250.06696567,
      0.0,
      171.297183144,
      0.0,
      0.0,
      250.047229138,
      125.414775008,
      0.0,
      0.0,
      0.0,
      1.0,
      0.0,
      0.0,
      0.0,
      0.0,
      1.0
    ],
    "W2C": [
      -0.9868436460000002,
      -0.134565949,
      -0.08961881000000001,
      0.004349295742609639,
      0.15113233000000004,
      -0.96469903,
      -0.21567276100000002,
      -0.3805123470014063,
      -0.05743296800000002,
      -0.22637958800000002,
      0.972344398,
      0.7838253661276482,
      0.0,
      0.0,
      0.0,
      1.0
    ],
    "dist": [
      -0.459602892,
      0.502129138,
      -0.001811877,
      0.002309016,
      -0.693422914
    ],
    "img_size": [
      346,
      260
    ]
  },
  "3.mp4_idx3.png": {
    "K": [
      255.83529740400002,
      0.0,
      170.270693872,
      0.0,
      0.0,
      256.284017192,
      131.684425796,
      0.0,
      0.0,
      0.0,
      1.0,
      0.0,
      0.0,
      0.0,
      0.0,
      1.0
    ],
    "W2C": [
      -0.7156670090000001,
      0.31426352299999993,
      0.6237459779999999,
      0.1869854601522132,
      -0.01850497699999997,
      -0.9012721180000001,
      0.43285816899999996,
      -0.2171759601727924,
      0.698196411,
      0.2982398869999999,
      0.6508261559999999,
      0.8156655068608886,
      0.0,
      0.0,
      0.0,
      1.0
    ],
    "dist": [
      -0.481293261,
      0.488822997,
      -0.001097835,
      0.000664279,
      -0.368138283
    ],
    "img_size": [
      346,
      260
    ]
  },
  "4.mp4_idx4.png": {
    "K": [
      255.83529740400002,
      0.0,
      170.270693872,
      0.0,
      0.0,
      256.284017192,
      131.684425796,
      0.0,
      0.0,
      0.0,
      1.0,
      0.0,
      0.0,
      0.0,
      0.0,
      1.0
    ],
    "W2C": [
      0.342002511,
      0.45721146500000004,
      0.8209699989999998,
      0.045435799372710646,
      -0.09609127799999999,
      -0.852056563,
      0.5145540830000002,
      -0.26017924323359715,
      0.934773088,
      -0.2548668680000001,
      -0.24747148200000005,
      0.8698785047178066,
      0.0,
      0.0,
      0.0,
      1.0
    ],
    "dist": [
      -0.481293261,
      0.488822997,
      -0.001097835,
      0.000664279,
      -0.368138283
    ],
    "img_size": [
      346,
      260
    ]
  },
  "5.mp4_idx5.png": {
    "K": [
      257.323014364,
      0.0,
      174.27655592800002,
      0.0,
      0.0,
      256.389339938,
      132.58787712199998,
      0.0,
      0.0,
      0.0,
      1.0,
      0.0,
      0.0,
      0.0,
      0.0,
      1.0
    ],
    "W2C": [
      -0.8802114730000001,
      -0.2618263659999999,
      -0.3958214820000001,
      0.11998877163310065,
      0.028378735999999998,
      0.803512216,
      -0.594611347,
      0.16596761301041477,
      0.47373235200000013,
      -0.534616649,
      -0.6998304130000003,
      0.574776699695593,
      0.0,
      0.0,
      0.0,
      1.0
    ],
    "dist": [
      -0.457544565,
      0.38111043,
      0.004920369,
      0.004247818,
      -0.243924707
    ],
    "img_size": [
      346,
      260
    ]
  }
}